Id,First Name,Last Name,Gender,Country,Age,Date
2587,Philip,Gent,Male,France,36,21/05/2015
2579,Franklyn,Unknow,Male,France,38,15/10/2017
1546,Shavonne,Pia,Female,France,24,21/05/2015
3579,Shavon,Benito,Female,France,39,15/10/2017
9654,Loreta,Curren,Female,France,26,21/05/2015
3569,Teresa,Strawn,Female,France,46,21/05/2015
5489,Libbie,Dalby,Female,France,42,21/05/2015
6574,Lester,Prothro,Male,France,21,15/10/2017
5412,Francesca,Beaudreau,Female,France,23,15/10/2017
7569,Judie,Claywell,Female,France,35,16/08/2016
8642,Kelsie,Wachtel,Female,France,27,16/08/2016
3259,Angel,Sanor,Male,France,24,15/10/2017
